ID,COUNTRY,YEAR,DEPARTURE
1,AFGHANISTAN,2008,28
2,AFGHANISTAN,2009,70
3,AFGHANISTAN,2010,106
4,AFGHANISTAN,2011,255
5,AFGHANISTAN,2012,110
6,AFGHANISTAN,2013,138
7,AFGHANISTAN,2014,140
8,AFGHANISTAN,2015,151
9,AFGHANISTAN,2016,89
10,AFGHANISTAN,2017,130
11,AFGHANISTAN,2018,226
12,ALBANIA,2008,3716
13,ALBANIA,2009,3404
14,ALBANIA,2010,3443
15,ALBANIA,2011,4120
16,ALBANIA,2012,3959
17,ALBANIA,2013,3928
18,ALBANIA,2014,4146
19,ALBANIA,2015,4504
20,ALBANIA,2016,4852
21,ALBANIA,2017,5186
22,ALBANIA,2018,5415
23,ALGERIA,2008,1539
24,ALGERIA,2009,1677
25,ALGERIA,2010,1757
26,ALGERIA,2011,1715
27,ALGERIA,2012,1911
28,ALGERIA,2013,2136
29,ALGERIA,2014,2839
30,ALGERIA,2015,3638
31,ALGERIA,2016,4530
32,ALGERIA,2017,5058
33,ALGERIA,2018,5610
34,ARGENTINA,2008,4614
35,ARGENTINA,2009,4981
36,ARGENTINA,2010,5307
37,ARGENTINA,2011,6686
38,ARGENTINA,2012,7266
39,ARGENTINA,2013,6746
40,ARGENTINA,2014,6517
41,ARGENTINA,2015,7807
42,ARGENTINA,2016,10417
43,ARGENTINA,2017,12213
44,ARGENTINA,2018,11130
45,ARMENIA,2008,516
46,ARMENIA,2009,526
47,ARMENIA,2010,563
48,ARMENIA,2011,715
49,ARMENIA,2012,965
50,ARMENIA,2013,1083
51,ARMENIA,2014,1198
52,ARMENIA,2015,1187
53,ARMENIA,2016,1263
54,ARMENIA,2017,1482
55,ARMENIA,2018,1623
56,AUSTRALIA,2008,5808
57,AUSTRALIA,2009,6276
58,AUSTRALIA,2010,7103
59,AUSTRALIA,2011,7788
60,AUSTRALIA,2012,8212
61,AUSTRALIA,2013,9052
62,AUSTRALIA,2014,9480
63,AUSTRALIA,2015,9810
64,AUSTRALIA,2016,10390
65,AUSTRALIA,2017,10932
66,AUSTRALIA,2018,11403
67,AUSTRIA,2008,9677
68,AUSTRIA,2009,10121
69,AUSTRIA,2010,9882
70,AUSTRIA,2011,9874
71,AUSTRIA,2012,10960
72,AUSTRIA,2013,10671
73,AUSTRIA,2014,10994
74,AUSTRIA,2015,10628
75,AUSTRIA,2016,11534
76,AUSTRIA,2017,11491
77,AUSTRIA,2018,11883
78,AZERBAIJAN,2008,2162
79,AZERBAIJAN,2009,2363
80,AZERBAIJAN,2010,3176
81,AZERBAIJAN,2011,3550
82,AZERBAIJAN,2012,3874
83,AZERBAIJAN,2013,4285
84,AZERBAIJAN,2014,4244
85,AZERBAIJAN,2015,4096
86,AZERBAIJAN,2016,4282
87,AZERBAIJAN,2017,4109
88,AZERBAIJAN,2018,4908
89,BELARUS,2008,380
90,BELARUS,2009,316
91,BELARUS,2010,415
92,BELARUS,2011,320
93,BELARUS,2012,493
94,BELARUS,2013,708
95,BELARUS,2014,741
96,BELARUS,2015,671
97,BELARUS,2016,467
98,BELARUS,2017,706
99,BELARUS,2018,836
100,BELGIUM,2008,8887
101,BELGIUM,2009,8775
102,BELGIUM,2010,8801
103,BELGIUM,2011,9727
104,BELGIUM,2012,9576
105,BELGIUM,2013,10803
106,BELGIUM,2014,10991
107,BELGIUM,2015,10835
108,BELGIUM,2016,13372
109,BELGIUM,2017,12142
110,BELGIUM,2018,13098
111,"BOLIVIA, PLURINATIONAL STATE OF",2008,589
112,"BOLIVIA, PLURINATIONAL STATE OF",2009,518
113,"BOLIVIA, PLURINATIONAL STATE OF",2010,604
114,"BOLIVIA, PLURINATIONAL STATE OF",2011,775
115,"BOLIVIA, PLURINATIONAL STATE OF",2012,788
116,"BOLIVIA, PLURINATIONAL STATE OF",2013,837
117,"BOLIVIA, PLURINATIONAL STATE OF",2014,932
118,"BOLIVIA, PLURINATIONAL STATE OF",2015,965
119,"BOLIVIA, PLURINATIONAL STATE OF",2016,940
120,"BOLIVIA, PLURINATIONAL STATE OF",2017,997
121,"BOLIVIA, PLURINATIONAL STATE OF",2018,1060
122,BRAZIL,2008,5238
123,BRAZIL,2009,4920
124,BRAZIL,2010,6457
125,BRAZIL,2011,7807
126,BRAZIL,2012,8497
127,BRAZIL,2013,8866
128,BRAZIL,2014,9617
129,BRAZIL,2015,9478
130,BRAZIL,2016,8872
131,BRAZIL,2017,10610
132,BRAZIL,2018,10628
133,BULGARIA,2008,5727
134,BULGARIA,2009,4993
135,BULGARIA,2010,3676
136,BULGARIA,2011,3803
137,BULGARIA,2012,3758
138,BULGARIA,2013,3930
139,BULGARIA,2014,4158
140,BULGARIA,2015,4632
141,BULGARIA,2016,5392
142,BULGARIA,2017,6228
143,BULGARIA,2018,6699
144,CAMBODIA,2008,786
145,CAMBODIA,2009,340
146,CAMBODIA,2010,505
147,CAMBODIA,2011,710
148,CAMBODIA,2012,792
149,CAMBODIA,2013,872
150,CAMBODIA,2014,956
151,CAMBODIA,2015,1194
152,CAMBODIA,2016,1434
153,CAMBODIA,2017,1752
154,CAMBODIA,2018,1995
155,CANADA,2008,27034
156,CANADA,2009,26204
157,CANADA,2010,28680
158,CANADA,2011,30450
159,CANADA,2012,32276
160,CANADA,2013,32971
161,CANADA,2014,33518
162,CANADA,2015,32267
163,CANADA,2016,31278
164,CANADA,2017,33060
165,CANADA,2018,26033
166,CHILE,2008,1900
167,CHILE,2009,1909
168,CHILE,2010,2219
169,CHILE,2011,2638
170,CHILE,2012,2837
171,CHILE,2013,2999
172,CHILE,2014,3169
173,CHILE,2015,3359
174,CHILE,2016,3553
175,CHILE,2017,3620
176,CHILE,2018,3825
177,CHINA,2008,45844
178,CHINA,2009,47656
179,CHINA,2010,57386
180,CHINA,2011,70250
181,CHINA,2012,83182
182,CHINA,2013,98185
183,CHINA,2014,116593
184,CHINA,2015,127860
185,CHINA,2016,135130
186,CHINA,2017,143035
187,CHINA,2018,149720
188,COLOMBIA,2008,2042
189,COLOMBIA,2009,2122
190,COLOMBIA,2010,2342
191,COLOMBIA,2011,2522
192,COLOMBIA,2012,3169
193,COLOMBIA,2013,3605
194,COLOMBIA,2014,3911
195,COLOMBIA,2015,3862
196,COLOMBIA,2016,3795
197,COLOMBIA,2017,4017
198,COLOMBIA,2018,4368
199,COOK ISLANDS,2008,13
200,COOK ISLANDS,2009,12
201,COOK ISLANDS,2010,12
202,COOK ISLANDS,2011,13
203,COOK ISLANDS,2012,12
204,COOK ISLANDS,2013,12
205,COOK ISLANDS,2014,12
206,COOK ISLANDS,2015,13
207,COOK ISLANDS,2016,14
208,COOK ISLANDS,2017,13
209,COOK ISLANDS,2018,14
210,COSTA RICA,2008,528
211,COSTA RICA,2009,579
212,COSTA RICA,2010,662
213,COSTA RICA,2011,717
214,COSTA RICA,2012,773
215,COSTA RICA,2013,790
216,COSTA RICA,2014,798
217,COSTA RICA,2015,919
218,COSTA RICA,2016,1036
219,COSTA RICA,2017,1150
220,COSTA RICA,2018,1079
221,CROATIA,2008,2357
222,CROATIA,2009,2497
223,CROATIA,2010,1873
224,CROATIA,2011,2880
225,CROATIA,2012,2680
226,CROATIA,2013,2927
227,CROATIA,2014,2763
228,CROATIA,2015,2578
229,CROATIA,2016,1615
230,CROATIA,2017,1923
231,CROATIA,2018,2058
232,CYPRUS,2008,1210
233,CYPRUS,2009,1172
234,CYPRUS,2010,1246
235,CYPRUS,2011,1209
236,CYPRUS,2012,1194
237,CYPRUS,2013,1115
238,CYPRUS,2014,1209
239,CYPRUS,2015,1119
240,CYPRUS,2016,1268
241,CYPRUS,2017,1407
242,CYPRUS,2018,1446
243,CZECH REPUBLIC,2008,9665
244,CZECH REPUBLIC,2009,8904
245,CZECH REPUBLIC,2010,8673
246,CZECH REPUBLIC,2011,5279
247,CZECH REPUBLIC,2012,5419
248,CZECH REPUBLIC,2013,5781
249,CZECH REPUBLIC,2014,5651
250,CZECH REPUBLIC,2015,5856
251,CZECH REPUBLIC,2016,6027
252,CZECH REPUBLIC,2017,6775
253,CZECH REPUBLIC,2018,7390
254,DENMARK,2008,6347
255,DENMARK,2009,7037
256,DENMARK,2010,7726
257,DENMARK,2011,7846
258,DENMARK,2012,7843
259,DENMARK,2013,6977
260,DENMARK,2014,8528
261,DENMARK,2015,8991
262,DENMARK,2016,9651
263,DENMARK,2017,8087
264,DENMARK,2018,7475
265,DOMINICAN REPUBLIC,2008,413
266,DOMINICAN REPUBLIC,2009,415
267,DOMINICAN REPUBLIC,2010,401
268,DOMINICAN REPUBLIC,2011,408
269,DOMINICAN REPUBLIC,2012,418
270,DOMINICAN REPUBLIC,2013,392
271,DOMINICAN REPUBLIC,2014,427
272,DOMINICAN REPUBLIC,2015,478
273,DOMINICAN REPUBLIC,2016,500
274,DOMINICAN REPUBLIC,2017,522
275,DOMINICAN REPUBLIC,2018,514
276,ECUADOR,2008,815
277,ECUADOR,2009,814
278,ECUADOR,2010,899
279,ECUADOR,2011,1022
280,ECUADOR,2012,1022
281,ECUADOR,2013,1138
282,ECUADOR,2014,1096
283,ECUADOR,2015,1221
284,ECUADOR,2016,1366
285,ECUADOR,2017,1347
286,ECUADOR,2018,1402
287,ESTONIA,2008,692
288,ESTONIA,2009,752
289,ESTONIA,2010,955
290,ESTONIA,2011,1054
291,ESTONIA,2012,1147
292,ESTONIA,2013,1166
293,ESTONIA,2014,1426
294,ESTONIA,2015,1250
295,ESTONIA,2016,1339
296,ESTONIA,2017,1279
297,ESTONIA,2018,2069
298,ESWATINI,2008,1177
299,ESWATINI,2009,1245
300,ESWATINI,2010,1141
301,ESWATINI,2011,1264
302,ESWATINI,2012,1403
303,ESWATINI,2013,1573
304,ESWATINI,2014,1657
305,ESWATINI,2015,1713
306,ESWATINI,2016,1789
307,ESWATINI,2017,1751
308,ESWATINI,2018,1717
309,FINLAND,2008,5854
310,FINLAND,2009,5832
311,FINLAND,2010,6633
312,FINLAND,2011,7274
313,FINLAND,2012,9055
314,FINLAND,2013,8562
315,FINLAND,2014,8731
316,FINLAND,2015,8904
317,FINLAND,2016,9125
318,FINLAND,2017,9330
319,FINLAND,2018,9450
320,FRANCE,2008,25506
321,FRANCE,2009,25140
322,FRANCE,2010,25041
323,FRANCE,2011,26155
324,FRANCE,2012,25317
325,FRANCE,2013,26062
326,FRANCE,2014,27919
327,FRANCE,2015,26648
328,FRANCE,2016,26483
329,FRANCE,2017,29055
330,FRANCE,2018,26914
331,GEORGIA,2008,1872
332,GEORGIA,2009,1980
333,GEORGIA,2010,2086
334,GEORGIA,2011,2237
335,GEORGIA,2012,2734
336,GEORGIA,2013,3220
337,GEORGIA,2014,3106
338,GEORGIA,2015,3136
339,GEORGIA,2016,3400
340,GEORGIA,2017,3851
341,GEORGIA,2018,3698
342,GERMANY,2008,86201
343,GERMANY,2009,85547
344,GERMANY,2010,85872
345,GERMANY,2011,84692
346,GERMANY,2012,82729
347,GERMANY,2013,87459
348,GERMANY,2014,83008
349,GERMANY,2015,83737
350,GERMANY,2016,90966
351,GERMANY,2017,92402
352,GERMANY,2018,108542
353,GREECE,2008,3765
354,GREECE,2009,3835
355,GREECE,2010,3799
356,GREECE,2011,4941
357,GREECE,2012,4681
358,GREECE,2013,4594
359,GREECE,2014,5802
360,GREECE,2015,6291
361,GREECE,2016,7235
362,GREECE,2017,7685
363,GREECE,2018,7961
364,GUATEMALA,2008,1277
365,GUATEMALA,2009,651
366,GUATEMALA,2010,694
367,GUATEMALA,2011,718
368,GUATEMALA,2012,721
369,GUATEMALA,2013,846
370,GUATEMALA,2014,992
371,GUATEMALA,2015,1130
372,GUATEMALA,2016,1195
373,GUATEMALA,2017,1328
374,GUATEMALA,2018,1536
375,"HONG KONG, CHINA",2008,81911
376,"HONG KONG, CHINA",2009,81958
377,"HONG KONG, CHINA",2010,84442
378,"HONG KONG, CHINA",2011,84816
379,"HONG KONG, CHINA",2012,85276
380,"HONG KONG, CHINA",2013,84414
381,"HONG KONG, CHINA",2014,84519
382,"HONG KONG, CHINA",2015,89082
383,"HONG KONG, CHINA",2016,91758
384,"HONG KONG, CHINA",2017,91304
385,"HONG KONG, CHINA",2018,92214
386,HUNGARY,2008,17162
387,HUNGARY,2009,16640
388,HUNGARY,2010,16082
389,HUNGARY,2011,16634
390,HUNGARY,2012,16143
391,HUNGARY,2013,16038
392,HUNGARY,2014,16340
393,HUNGARY,2015,17276
394,HUNGARY,2016,18895
395,HUNGARY,2017,20297
396,HUNGARY,2018,22805
397,ICELAND,2008,414
398,ICELAND,2009,259
399,ICELAND,2010,299
400,ICELAND,2011,341
401,ICELAND,2012,358
402,ICELAND,2013,365
403,ICELAND,2014,400
404,ICELAND,2015,450
405,ICELAND,2016,536
406,ICELAND,2017,619
407,ICELAND,2018,668
408,INDIA,2008,10868
409,INDIA,2009,11067
410,INDIA,2010,12988
411,INDIA,2011,13994
412,INDIA,2012,14920
413,INDIA,2013,16626
414,INDIA,2014,18330
415,INDIA,2015,20376
416,INDIA,2016,21872
417,INDIA,2017,23943
418,INDIA,2018,26296
419,INDONESIA,2008,5486
420,INDONESIA,2009,5053
421,INDONESIA,2010,6235
422,INDONESIA,2011,6750
423,INDONESIA,2012,7454
424,INDONESIA,2013,8025
425,INDONESIA,2014,8074
426,INDONESIA,2015,8176
427,INDONESIA,2016,8340
428,INDONESIA,2017,8856
429,INDONESIA,2018,9468
430,IRELAND,2008,7877
431,IRELAND,2009,7047
432,IRELAND,2010,6917
433,IRELAND,2011,6514
434,IRELAND,2012,6600
435,IRELAND,2013,6579
436,IRELAND,2014,6676
437,IRELAND,2015,7094
438,IRELAND,2016,7646
439,IRELAND,2017,8171
440,IRELAND,2018,8643
441,ISRAEL,2008,4207
442,ISRAEL,2009,4007
443,ISRAEL,2010,4269
444,ISRAEL,2011,4387
445,ISRAEL,2012,4349
446,ISRAEL,2013,4757
447,ISRAEL,2014,5181
448,ISRAEL,2015,5891
449,ISRAEL,2016,6781
450,ISRAEL,2017,7597
451,ISRAEL,2018,8473
452,ITALY,2008,26464
453,ITALY,2009,27490
454,ITALY,2010,28188
455,ITALY,2011,27831
456,ITALY,2012,27376
457,ITALY,2013,26305
458,ITALY,2014,26862
459,ITALY,2015,27494
460,ITALY,2016,29067
461,ITALY,2017,31805
462,ITALY,2018,33347
463,JAPAN,2008,15987
464,JAPAN,2009,15446
465,JAPAN,2010,16637
466,JAPAN,2011,16994
467,JAPAN,2012,18491
468,JAPAN,2013,17473
469,JAPAN,2014,16903
470,JAPAN,2015,16214
471,JAPAN,2016,17116
472,JAPAN,2017,17889
473,JAPAN,2018,18954
474,"KOREA, REPUBLIC OF",2008,11996
475,"KOREA, REPUBLIC OF",2009,9494
476,"KOREA, REPUBLIC OF",2010,12488
477,"KOREA, REPUBLIC OF",2011,12694
478,"KOREA, REPUBLIC OF",2012,13737
479,"KOREA, REPUBLIC OF",2013,14846
480,"KOREA, REPUBLIC OF",2014,16081
481,"KOREA, REPUBLIC OF",2015,19310
482,"KOREA, REPUBLIC OF",2016,22383
483,"KOREA, REPUBLIC OF",2017,26496
484,"KOREA, REPUBLIC OF",2018,28696
485,KYRGYZSTAN,2008,2273
486,KYRGYZSTAN,2009,2354
487,KYRGYZSTAN,2010,1342
488,KYRGYZSTAN,2011,3061
489,KYRGYZSTAN,2012,3621
490,KYRGYZSTAN,2013,3993
491,KYRGYZSTAN,2014,3790
492,KYRGYZSTAN,2015,4008
493,KYRGYZSTAN,2016,4185
494,KYRGYZSTAN,2017,4446
495,KYRGYZSTAN,2018,6839
496,LATVIA,2008,3782
497,LATVIA,2009,3268
498,LATVIA,2010,3332
499,LATVIA,2011,3257
500,LATVIA,2012,183
501,LATVIA,2013,1776
502,LATVIA,2014,1846
503,LATVIA,2015,1720
504,LATVIA,2016,1939
505,LATVIA,2017,2055
506,LATVIA,2018,2175
507,LITHUANIA,2008,1757
508,LITHUANIA,2009,1288
509,LITHUANIA,2010,1411
510,LITHUANIA,2011,1526
511,LITHUANIA,2012,1708
512,LITHUANIA,2013,1764
513,LITHUANIA,2014,1789
514,LITHUANIA,2015,1860
515,LITHUANIA,2016,1953
516,LITHUANIA,2017,2032
517,LITHUANIA,2018,2244
518,LUXEMBOURG,2008,1190
519,LUXEMBOURG,2009,1362
520,LUXEMBOURG,2010,1237
521,LUXEMBOURG,2011,1643
522,LUXEMBOURG,2012,1580
523,LUXEMBOURG,2013,1624
524,LUXEMBOURG,2014,1815
525,LUXEMBOURG,2015,1702
526,LUXEMBOURG,2016,1588
527,LUXEMBOURG,2017,1802
528,LUXEMBOURG,2018,1989
529,"MACAO, CHINA",2008,606
530,"MACAO, CHINA",2009,671
531,"MACAO, CHINA",2010,753
532,"MACAO, CHINA",2011,908
533,"MACAO, CHINA",2012,1291
534,"MACAO, CHINA",2013,1446
535,"MACAO, CHINA",2014,1537
536,"MACAO, CHINA",2015,1466
537,"MACAO, CHINA",2016,1251
538,"MACAO, CHINA",2017,1391
539,"MACAO, CHINA",2018,1579
540,MALTA,2008,261
541,MALTA,2009,264
542,MALTA,2010,294
543,MALTA,2011,309
544,MALTA,2012,331
545,MALTA,2013,363
546,MALTA,2014,391
547,MALTA,2015,428
548,MALTA,2016,497
549,MALTA,2017,573
550,MALTA,2018,667
551,MAURITIUS,2008,226
552,MAURITIUS,2009,196
553,MAURITIUS,2010,212
554,MAURITIUS,2011,219
555,MAURITIUS,2012,237
556,MAURITIUS,2013,228
557,MAURITIUS,2014,223
558,MAURITIUS,2015,242
559,MAURITIUS,2016,260
560,MAURITIUS,2017,283
561,MAURITIUS,2018,296
562,MEXICO,2008,14527
563,MEXICO,2009,14104
564,MEXICO,2010,14334
565,MEXICO,2011,14799
566,MEXICO,2012,15581
567,MEXICO,2013,15911
568,MEXICO,2014,18261
569,MEXICO,2015,19603
570,MEXICO,2016,20223
571,MEXICO,2017,19067
572,MEXICO,2018,19748
573,MOROCCO,2008,3421
574,MOROCCO,2009,2293
575,MOROCCO,2010,2175
576,MOROCCO,2011,2378
577,MOROCCO,2012,2323
578,MOROCCO,2013,2195
579,MOROCCO,2014,1850
580,MOROCCO,2015,1910
581,MOROCCO,2016,1864
582,MOROCCO,2017,1849
583,MOROCCO,2018,1923
584,NETHERLANDS,2008,18399
585,NETHERLANDS,2009,18340
586,NETHERLANDS,2010,18368
587,NETHERLANDS,2011,18560
588,NETHERLANDS,2012,18628
589,NETHERLANDS,2013,18094
590,NETHERLANDS,2014,17928
591,NETHERLANDS,2015,18070
592,NETHERLANDS,2016,17938
593,NETHERLANDS,2017,22095
594,NETHERLANDS,2018,22115
595,NEW CALEDONIA,2008,112
596,NEW CALEDONIA,2009,119
597,NEW CALEDONIA,2010,132
598,NEW CALEDONIA,2011,124
599,NEW CALEDONIA,2012,121
600,NEW CALEDONIA,2013,121
601,NEW CALEDONIA,2014,124
602,NEW CALEDONIA,2015,127
603,NEW CALEDONIA,2016,134
604,NEW CALEDONIA,2017,135
605,NEW CALEDONIA,2018,139
606,NEW ZEALAND,2008,1967
607,NEW ZEALAND,2009,1918
608,NEW ZEALAND,2010,2026
609,NEW ZEALAND,2011,2096
610,NEW ZEALAND,2012,2172
611,NEW ZEALAND,2013,2197
612,NEW ZEALAND,2014,2276
613,NEW ZEALAND,2015,2412
614,NEW ZEALAND,2016,2611
615,NEW ZEALAND,2017,2853
616,NEW ZEALAND,2018,3038
617,NICARAGUA,2008,942
618,NICARAGUA,2009,858
619,NICARAGUA,2010,908
620,NICARAGUA,2011,912
621,NICARAGUA,2012,979
622,NICARAGUA,2013,994
623,NICARAGUA,2014,959
624,NICARAGUA,2015,925
625,NICARAGUA,2016,981
626,NICARAGUA,2017,982
627,NICARAGUA,2018,974
628,OMAN,2008,2062
629,OMAN,2009,1645
630,OMAN,2010,1873
631,OMAN,2011,2446
632,OMAN,2012,2888
633,OMAN,2013,3103
634,OMAN,2014,3358
635,OMAN,2015,3838
636,OMAN,2016,4167
637,OMAN,2017,4473
638,OMAN,2018,3350
639,PANAMA,2008,369
640,PANAMA,2009,336
641,PANAMA,2010,392
642,PANAMA,2011,414
643,PANAMA,2012,447
644,PANAMA,2013,619
645,PANAMA,2014,853
646,PANAMA,2015,740
647,PANAMA,2016,770
648,PANAMA,2017,917
649,PANAMA,2018,681
650,PARAGUAY,2008,278
651,PARAGUAY,2009,288
652,PARAGUAY,2010,302
653,PARAGUAY,2011,347
654,PARAGUAY,2012,400
655,PARAGUAY,2013,440
656,PARAGUAY,2014,426
657,PARAGUAY,2015,1008
658,PARAGUAY,2016,1503
659,PARAGUAY,2017,1548
660,PARAGUAY,2018,1266
661,PERU,2008,1913
662,PERU,2009,1891
663,PERU,2010,2058
664,PERU,2011,2132
665,PERU,2012,2296
666,PERU,2013,2364
667,PERU,2014,2442
668,PERU,2015,2595
669,PERU,2016,2751
670,PERU,2017,2875
671,PERU,2018,3078
672,POLAND,2008,50243
673,POLAND,2009,39270
674,POLAND,2010,42760
675,POLAND,2011,43270
676,POLAND,2012,48290
677,POLAND,2013,52580
678,POLAND,2014,35400
679,POLAND,2015,44300
680,POLAND,2016,44500
681,POLAND,2017,46700
682,POLAND,2018,48600
683,ROMANIA,2008,13072
684,ROMANIA,2009,11723
685,ROMANIA,2010,10905
686,ROMANIA,2011,10936
687,ROMANIA,2012,11149
688,ROMANIA,2013,11364
689,ROMANIA,2014,12299
690,ROMANIA,2015,13118
691,ROMANIA,2016,16128
692,ROMANIA,2017,19953
693,ROMANIA,2018,21039
694,RUSSIAN FEDERATION,2008,36538
695,RUSSIAN FEDERATION,2009,34276
696,RUSSIAN FEDERATION,2010,39323
697,RUSSIAN FEDERATION,2011,43726
698,RUSSIAN FEDERATION,2012,47813
699,RUSSIAN FEDERATION,2013,54069
700,RUSSIAN FEDERATION,2014,45889
701,RUSSIAN FEDERATION,2015,34550
702,RUSSIAN FEDERATION,2016,31659
703,RUSSIAN FEDERATION,2017,39629
704,RUSSIAN FEDERATION,2018,41964
705,SAUDI ARABIA,2008,4087
706,SAUDI ARABIA,2009,6032
707,SAUDI ARABIA,2010,17827
708,SAUDI ARABIA,2011,15281
709,SAUDI ARABIA,2012,18671
710,SAUDI ARABIA,2013,19154
711,SAUDI ARABIA,2014,19824
712,SAUDI ARABIA,2015,20819
713,SAUDI ARABIA,2016,21207
714,SAUDI ARABIA,2017,21146
715,SAUDI ARABIA,2018,21866
716,SEYCHELLES,2008,54
717,SEYCHELLES,2009,49
718,SEYCHELLES,2010,59
719,SEYCHELLES,2011,48
720,SEYCHELLES,2012,45
721,SEYCHELLES,2013,47
722,SEYCHELLES,2014,50
723,SEYCHELLES,2015,56
724,SEYCHELLES,2016,68
725,SEYCHELLES,2017,74
726,SEYCHELLES,2018,72
727,SIERRA LEONE,2008,73
728,SIERRA LEONE,2009,72
729,SIERRA LEONE,2010,76
730,SIERRA LEONE,2011,99
731,SIERRA LEONE,2012,104
732,SIERRA LEONE,2013,111
733,SIERRA LEONE,2014,93
734,SIERRA LEONE,2015,61
735,SIERRA LEONE,2016,92
736,SIERRA LEONE,2017,110
737,SIERRA LEONE,2018,112
738,SINGAPORE,2008,6828
739,SINGAPORE,2009,6961
740,SINGAPORE,2010,7342
741,SINGAPORE,2011,7753
742,SINGAPORE,2012,8048
743,SINGAPORE,2013,8647
744,SINGAPORE,2014,8647
745,SINGAPORE,2015,8903
746,SINGAPORE,2016,9125
747,SINGAPORE,2017,9474
748,SINGAPORE,2018,9889
749,SLOVENIA,2008,2459
750,SLOVENIA,2009,2586
751,SLOVENIA,2010,2874
752,SLOVENIA,2011,2722
753,SLOVENIA,2012,2474
754,SLOVENIA,2013,2612
755,SLOVENIA,2014,2642
756,SLOVENIA,2015,2867
757,SLOVENIA,2016,2853
758,SLOVENIA,2017,3013
759,SLOVENIA,2018,3188
760,SPAIN,2008,11229
761,SPAIN,2009,12017
762,SPAIN,2010,12379
763,SPAIN,2011,13347
764,SPAIN,2012,12422
765,SPAIN,2013,11246
766,SPAIN,2014,11783
767,SPAIN,2015,14407
768,SPAIN,2016,15405
769,SPAIN,2017,17031
770,SPAIN,2018,19116
771,SRI LANKA,2008,966
772,SRI LANKA,2009,963
773,SRI LANKA,2010,1122
774,SRI LANKA,2011,1239
775,SRI LANKA,2012,1269
776,SRI LANKA,2013,1262
777,SRI LANKA,2014,1311
778,SRI LANKA,2015,1356
779,SRI LANKA,2016,1448
780,SRI LANKA,2017,1439
781,SRI LANKA,2018,1476
782,SWITZERLAND,2008,11147
783,SWITZERLAND,2009,10453
784,SWITZERLAND,2010,10011
785,SWITZERLAND,2011,10466
786,SWITZERLAND,2012,12098
787,SWITZERLAND,2013,12403
788,SWITZERLAND,2014,12518
789,SWITZERLAND,2015,13601
790,SWITZERLAND,2016,13857
791,SWITZERLAND,2017,15318
792,SWITZERLAND,2018,15285
793,TAIWAN PROVINCE OF CHINA,2008,8465
794,TAIWAN PROVINCE OF CHINA,2009,8143
795,TAIWAN PROVINCE OF CHINA,2010,9415
796,TAIWAN PROVINCE OF CHINA,2011,9584
797,TAIWAN PROVINCE OF CHINA,2012,10240
798,TAIWAN PROVINCE OF CHINA,2013,11053
799,TAIWAN PROVINCE OF CHINA,2014,11845
800,TAIWAN PROVINCE OF CHINA,2015,13183
801,TAIWAN PROVINCE OF CHINA,2016,14589
802,TAIWAN PROVINCE OF CHINA,2017,15655
803,TAIWAN PROVINCE OF CHINA,2018,16645
804,THAILAND,2008,3908
805,THAILAND,2009,4653
806,THAILAND,2010,5451
807,THAILAND,2011,5397
808,THAILAND,2012,5721
809,THAILAND,2013,5970
810,THAILAND,2014,6444
811,THAILAND,2015,6794
812,THAILAND,2016,8204
813,THAILAND,2017,8963
814,THAILAND,2018,9966
815,TURKEY,2008,4893
816,TURKEY,2009,5561
817,TURKEY,2010,6557
818,TURKEY,2011,6282
819,TURKEY,2012,5803
820,TURKEY,2013,7526
821,TURKEY,2014,7982
822,TURKEY,2015,8751
823,TURKEY,2016,7892
824,TURKEY,2017,8887
825,TURKEY,2018,8383
826,UKRAINE,2008,15499
827,UKRAINE,2009,15334
828,UKRAINE,2010,17180
829,UKRAINE,2011,19773
830,UKRAINE,2012,21433
831,UKRAINE,2013,23761
832,UKRAINE,2014,22438
833,UKRAINE,2015,23142
834,UKRAINE,2016,24668
835,UKRAINE,2017,26437
836,UKRAINE,2018,27811
837,UNITED ARAB EMIRATES,2018,18904
838,UNITED KINGDOM,2008,69011
839,UNITED KINGDOM,2009,58614
840,UNITED KINGDOM,2010,55562
841,UNITED KINGDOM,2011,56836
842,UNITED KINGDOM,2012,56538
843,UNITED KINGDOM,2013,57792
844,UNITED KINGDOM,2014,60082
845,UNITED KINGDOM,2015,65720
846,UNITED KINGDOM,2016,70815
847,UNITED KINGDOM,2017,72772
848,UNITED KINGDOM,2018,71733
849,UNITED STATES OF AMERICA,2008,63653
850,UNITED STATES OF AMERICA,2009,62130
851,UNITED STATES OF AMERICA,2010,61061
852,UNITED STATES OF AMERICA,2011,59209
853,UNITED STATES OF AMERICA,2012,60697
854,UNITED STATES OF AMERICA,2013,61344
855,UNITED STATES OF AMERICA,2014,68185
856,UNITED STATES OF AMERICA,2015,74191
857,UNITED STATES OF AMERICA,2016,80223
858,UNITED STATES OF AMERICA,2017,87657
859,UNITED STATES OF AMERICA,2018,92564
860,URUGUAY,2008,734
861,URUGUAY,2009,826
862,URUGUAY,2010,1027
863,URUGUAY,2011,1534
864,URUGUAY,2012,1816
865,URUGUAY,2013,2281
866,URUGUAY,2014,2396
867,URUGUAY,2015,2217
868,URUGUAY,2016,1715
869,URUGUAY,2017,1789
870,URUGUAY,2018,1947
871,VANUATU,2008,19
872,VANUATU,2009,20
873,VANUATU,2010,21
874,VANUATU,2011,22
875,VANUATU,2012,23
876,VANUATU,2013,26
877,VANUATU,2014,26
878,VANUATU,2015,27
879,VANUATU,2016,25
880,VANUATU,2017,28
881,VANUATU,2018,29
882,ZIMBABWE,2008,593
883,ZIMBABWE,2009,631
884,ZIMBABWE,2010,650
885,ZIMBABWE,2011,693
886,ZIMBABWE,2012,720
887,ZIMBABWE,2013,2946
888,ZIMBABWE,2014,3182
889,ZIMBABWE,2015,3393
890,ZIMBABWE,2016,3192
891,ZIMBABWE,2017,2768
892,ZIMBABWE,2018,2987
